{"frames": [

{
	"filename": "laserBlue01.png",
	"frame": {"x":0,"y":0,"w":9,"h":54},
	"rotated": false,
	"trimmed": false,
	"spriteSourceSize": {"x":0,"y":0,"w":9,"h":54},
	"sourceSize": {"w":9,"h":54}
},
{
	"filename": "meteorBrown_big1.png",
	"frame": {"x":0,"y":157,"w":101,"h":84},
	"rotated": false,
	"trimmed": false,
	"spriteSourceSize": {"x":0,"y":0,"w":101,"h":84},
	"sourceSize": {"w":101,"h":84}
},
{
	"filename": "meteorBrown_big2.png",
	"frame": {"x":101,"y":157,"w":120,"h":98},
	"rotated": false,
	"trimmed": false,
	"spriteSourceSize": {"x":0,"y":0,"w":120,"h":98},
	"sourceSize": {"w":120,"h":98}
},
{
	"filename": "meteorBrown_big3.png",
	"frame": {"x":82,"y":0,"w":89,"h":82},
	"rotated": false,
	"trimmed": false,
	"spriteSourceSize": {"x":0,"y":0,"w":89,"h":82},
	"sourceSize": {"w":89,"h":82}
},
{
	"filename": "meteorBrown_med3.png",
	"frame": {"x":37,"y":0,"w":45,"h":40},
	"rotated": false,
	"trimmed": false,
	"spriteSourceSize": {"x":0,"y":0,"w":45,"h":40},
	"sourceSize": {"w":45,"h":40}
},
{
	"filename": "meteorBrown_small1.png",
	"frame": {"x":9,"y":0,"w":28,"h":28},
	"rotated": false,
	"trimmed": false,
	"spriteSourceSize": {"x":0,"y":0,"w":28,"h":28},
	"sourceSize": {"w":28,"h":28}
},
{
	"filename": "playerShip1_blue.png",
	"frame": {"x":98,"y":82,"w":99,"h":75},
	"rotated": false,
	"trimmed": false,
	"spriteSourceSize": {"x":0,"y":0,"w":99,"h":75},
	"sourceSize": {"w":99,"h":75}
},
{
	"filename": "playerShip3_green.png",
	"frame": {"x":0,"y":82,"w":98,"h":75},
	"rotated": false,
	"trimmed": false,
	"spriteSourceSize": {"x":0,"y":0,"w":98,"h":75},
	"sourceSize": {"w":98,"h":75}
}],
"meta": {
	"app": "https://www.codeandweb.com/texturepacker",
	"version": "1.0",
	"image": "space_2.png",
	"format": "RGBA8888",
	"size": {"w":256,"h":256},
	"scale": "1",
	"smartupdate": "$TexturePacker:SmartUpdate:99a21ad2e45c48eb9077827b02889672:61ae781d48babbd687418e1fe2383d33:55315efe6a9ce9cc3541e10cd94b9bcc$"
}
}
