{"frames": [

{
	"filename": "meteorBrown_big1.png",
	"frame": {"x":0,"y":157,"w":101,"h":84},
	"rotated": false,
	"trimmed": false,
	"spriteSourceSize": {"x":0,"y":0,"w":101,"h":84},
	"sourceSize": {"w":101,"h":84}
},
{
	"filename": "meteorBrown_big2.png",
	"frame": {"x":91,"y":241,"w":120,"h":98},
	"rotated": false,
	"trimmed": false,
	"spriteSourceSize": {"x":0,"y":0,"w":120,"h":98},
	"sourceSize": {"w":120,"h":98}
},
{
	"filename": "meteorBrown_big3.png",
	"frame": {"x":98,"y":75,"w":89,"h":82},
	"rotated": false,
	"trimmed": false,
	"spriteSourceSize": {"x":0,"y":0,"w":89,"h":82},
	"sourceSize": {"w":89,"h":82}
},
{
	"filename": "meteorBrown_med3.png",
	"frame": {"x":28,"y":0,"w":45,"h":40},
	"rotated": false,
	"trimmed": false,
	"spriteSourceSize": {"x":0,"y":0,"w":45,"h":40},
	"sourceSize": {"w":45,"h":40}
},
{
	"filename": "meteorBrown_small1.png",
	"frame": {"x":0,"y":0,"w":28,"h":28},
	"rotated": false,
	"trimmed": false,
	"spriteSourceSize": {"x":0,"y":0,"w":28,"h":28},
	"sourceSize": {"w":28,"h":28}
},
{
	"filename": "meteorGrey_big1.png",
	"frame": {"x":101,"y":157,"w":101,"h":84},
	"rotated": false,
	"trimmed": false,
	"spriteSourceSize": {"x":0,"y":0,"w":101,"h":84},
	"sourceSize": {"w":101,"h":84}
},
{
	"filename": "playerShip1_blue.png",
	"frame": {"x":73,"y":0,"w":99,"h":75},
	"rotated": false,
	"trimmed": false,
	"spriteSourceSize": {"x":0,"y":0,"w":99,"h":75},
	"sourceSize": {"w":99,"h":75}
},
{
	"filename": "playerShip3_green.png",
	"frame": {"x":0,"y":75,"w":98,"h":75},
	"rotated": false,
	"trimmed": false,
	"spriteSourceSize": {"x":0,"y":0,"w":98,"h":75},
	"sourceSize": {"w":98,"h":75}
},
{
	"filename": "ufoRed.png",
	"frame": {"x":0,"y":241,"w":91,"h":91},
	"rotated": false,
	"trimmed": false,
	"spriteSourceSize": {"x":0,"y":0,"w":91,"h":91},
	"sourceSize": {"w":91,"h":91}
}],
"meta": {
	"app": "https://www.codeandweb.com/texturepacker",
	"version": "1.0",
	"image": "space.png",
	"format": "RGBA8888",
	"size": {"w":256,"h":512},
	"scale": "1",
	"smartupdate": "$TexturePacker:SmartUpdate:d3cace7a9ff7b6bcd430104b637f23d0:d52a510b9a2d3ff11d5ccacfe5ec59c0:5c66d13d521b19a155e36d6dbcb34ba3$"
}
}
